id,title,content,published_date,image_url,category
1,"신용정보 활용 팁","💌대출을 받을 때 신용 정보를 사용하는 방법에 대한 몇 가지 팁을 알려주세요.<br />
먼저 신용 점수를 확인하십시오. 신용 점수가 낮은 경우는 늘려야 합니다. 신용 평가 기관에 서류를 제출하면 신용 등급을 높이는 서비스가 있습니다. 문서를 준비하고 NICE 또는 All Credit에 보냅니다.
모든 신용 K 포인트에만 적용되며 추후 반영됩니다. 대신 온라인으로 문서를 자동으로 전송하는 기능을 제공합니다.
신용 카드가 만료하는 경우 등급은 크게 벗어나 있을 수 있습니다.
다음 두 가지 금융 상품의 부채를 가능한 한 빨리 지급해야 합니다. 1 금융 대출로 변경하는 방법은 신용 등급에 유리합니다.
대출을 취득하게 한 경우 신용 카드의 사용이 급속히 증가하는 것에 주의해야 합니다. 무이자 할부는 없습니다. 할부 거래는 부실 채권 것으로 알려졌습니다.
전월과 같은 신용 카드를 사용하는 것이 중요합니다. 과잉의 체크카드를 사용하는 것이 좋습니다. 결론적으로 좋은 신용이 필요합니다.

대출을 받는 방법
먼저 신용 대출을 받을 필요가 있습니다. 많은 예금 / 부동산을 가지고 있는 경우에도 신용 앞에 그것을 취득하면 대출 잔액이 증가하고 신용을 받을 때 불리하게 됩니다.
특히 금융 영역에 있는 주택담보대출에서, 어쨌든 상환하여 대출을 받을 때 금리가 상승하지 않도록 해야 합니다. 실제로 신용 대출을 받을 때 금리가 상승 할 뿐만 아니라 주택담보대출이 있는 한 한도에서 제외되기 때문에 받을 수 있는 대출 금액도 줄어듭니다.
신용을 취득하면 예금과 주택담보대출을 얻을 수 있습니다.

신용 출산은 한국 신용 정보 서비스 국가 기관에서 제공하는 금융 기관은 신용 정보만을 수집하고 항목마다 정보를 제공합니다. 수집된 데이터는 다양한 신용 등급 기관에 제공되며, 등급은 제공되지 않습니다. 3 개의 무료 신용 평가 기관이 1년에 3회, Nice, All Credit (KCB) 및 SIREN 이유입니다. 기관당 조회 수가 공유되지 않는 것 같습니다. 따라서 분기 별 1회 체크 할 수 있으므로 총 9회에 체크가 가능하다고 생각됩니다.

NICE 및 All Credit이 제공하는 가장 자세하고 상세한 정보. 자세한 내용은 연간 약 20달러를 지급해야 합니다.","2024-08-01T09:00:00","http://sinyong.dsmould.co.kr/files/attach/images/163/744/0c8aa8dd0f45de42237f510cdbab3daa.png","신용조회 정보모음"